-- phpMyAdmin SQL Dump
-- version 5.2.1
-- https://www.phpmyadmin.net/
--
-- Host: 127.0.0.1:3310
-- Generation Time: Feb 09, 2026 at 05:37 AM
-- Server version: 10.4.32-MariaDB
-- PHP Version: 8.2.12

SET SQL_MODE = "NO_AUTO_VALUE_ON_ZERO";
START TRANSACTION;
SET time_zone = "+00:00";


/*!40101 SET @OLD_CHARACTER_SET_CLIENT=@@CHARACTER_SET_CLIENT */;
/*!40101 SET @OLD_CHARACTER_SET_RESULTS=@@CHARACTER_SET_RESULTS */;
/*!40101 SET @OLD_COLLATION_CONNECTION=@@COLLATION_CONNECTION */;
/*!40101 SET NAMES utf8mb4 */;

--
-- Database: `nia-inventory`
--

-- --------------------------------------------------------

--
-- Table structure for table `location`
--

CREATE TABLE `location` (
  `location_id` int(11) NOT NULL,
  `location_name` varchar(255) NOT NULL,
  `location_type_id` int(11) NOT NULL,
  `parent_location_id` int(11) DEFAULT NULL,
  `created_at` timestamp NOT NULL DEFAULT current_timestamp(),
  `is_deleted` enum('0','1') NOT NULL DEFAULT '0'
) ENGINE=InnoDB DEFAULT CHARSET=utf8mb4 COLLATE=utf8mb4_general_ci;

--
-- Dumping data for table `location`
--

INSERT INTO `location` (`location_id`, `location_name`, `location_type_id`, `parent_location_id`, `created_at`, `is_deleted`) VALUES
(3, 'Office of the Department Manager', 2, 34, '2025-02-16 00:02:03', '0'),
(4, 'ICT Unit', 3, 34, '2025-02-16 00:02:03', '0'),
(5, 'Public Relation Office Unit', 3, 34, '2025-02-16 00:02:03', '0'),
(6, 'Legal Services', 3, 34, '2025-02-16 00:02:03', '0'),
(7, 'Office of the EOD Manager', 2, 23, '2025-02-16 00:02:03', '0'),
(8, 'Office of the ADFIN Manager', 2, 24, '2025-02-16 00:02:03', '0'),
(9, 'Administrative Section', 2, 24, '2025-02-16 00:02:03', '0'),
(10, 'Finance Section', 2, 24, '2025-02-16 00:02:03', '0'),
(11, 'Property Unit', 3, 9, '2025-02-16 00:02:03', '0'),
(12, 'General Services Security Unit ', 3, 9, '2025-02-16 00:02:03', '0'),
(13, 'Pantabangan Lake Resort and Hotel', 3, 9, '2025-02-16 00:02:03', '0'),
(14, 'Medical Services Unit', 3, 9, '2025-02-16 00:02:03', '0'),
(15, 'Cashiering Unit', 3, 10, '2025-02-16 00:02:03', '0'),
(16, 'FISA Unit', 3, 9, '2025-02-16 00:02:03', '0'),
(18, 'Engineering Section', 2, 23, '2025-02-16 00:02:03', '0'),
(19, 'Operation Section', 2, 23, '2025-02-16 00:02:03', '0'),
(20, 'Equipment Management Section', 2, 23, '2025-02-16 00:02:03', '0'),
(21, 'Institutional Development Section', 2, 23, '2025-02-16 00:02:03', '0'),
(22, 'BAC Unit', 3, 34, '2025-02-17 23:24:43', '0'),
(23, 'Engineering and Operation Division(EOD)', 1, NULL, '2025-03-02 22:38:42', '0'),
(24, 'Administrative and Finance Division(ADFIN)', 1, NULL, '2025-03-02 22:44:12', '0'),
(25, 'Personnel and Records Unit', 3, 9, '2025-03-03 00:28:04', '0'),
(29, 'Accounting Unit', 3, 10, '2025-04-01 23:46:43', '0'),
(34, 'Office of the Department Manager(ODM)', 1, NULL, '2026-02-05 06:02:54', '0');

-- --------------------------------------------------------

--
-- Table structure for table `location_type`
--

CREATE TABLE `location_type` (
  `id` int(11) NOT NULL,
  `name` varchar(255) NOT NULL
) ENGINE=InnoDB DEFAULT CHARSET=utf8mb4 COLLATE=utf8mb4_general_ci;

--
-- Dumping data for table `location_type`
--

INSERT INTO `location_type` (`id`, `name`) VALUES
(1, 'Division'),
(2, 'Section'),
(3, 'Unit');

-- --------------------------------------------------------

--
-- Table structure for table `tbl_accounts`
--

CREATE TABLE `tbl_accounts` (
  `id` int(11) NOT NULL,
  `user_name` varchar(100) NOT NULL,
  `email` varchar(255) NOT NULL,
  `password` varchar(255) NOT NULL,
  `role` enum('Super Admin','Admin') NOT NULL,
  `created_at` timestamp NOT NULL DEFAULT current_timestamp(),
  `updated_at` timestamp NULL DEFAULT NULL ON UPDATE current_timestamp(),
  `status` enum('Active','Inactive') NOT NULL
) ENGINE=InnoDB DEFAULT CHARSET=utf8mb4 COLLATE=utf8mb4_unicode_ci;

--
-- Dumping data for table `tbl_accounts`
--

INSERT INTO `tbl_accounts` (`id`, `user_name`, `email`, `password`, `role`, `created_at`, `updated_at`, `status`) VALUES
(6, 'dfgsdfg', 'angelitopadolina.neust@gmail.com', 'asd', 'Super Admin', '2026-02-02 07:39:52', '2026-02-04 02:44:16', 'Active');

-- --------------------------------------------------------

--
-- Table structure for table `tbl_allinone`
--

CREATE TABLE `tbl_allinone` (
  `allinoneId` int(11) NOT NULL,
  `allinoneBrand` varchar(100) NOT NULL,
  `specificationProcessor` varchar(255) NOT NULL,
  `specificationMemory` varchar(255) NOT NULL,
  `specificationGPU` varchar(255) NOT NULL,
  `specificationStorage` varchar(255) NOT NULL,
  `employeeId` int(11) DEFAULT NULL
) ENGINE=InnoDB DEFAULT CHARSET=utf8mb4 COLLATE=utf8mb4_general_ci;

-- --------------------------------------------------------

--
-- Table structure for table `tbl_employee`
--

CREATE TABLE `tbl_employee` (
  `employeeId` int(11) NOT NULL,
  `firstName` varchar(100) NOT NULL,
  `middleName` varchar(100) DEFAULT NULL,
  `lastName` varchar(100) NOT NULL,
  `suffixName` varchar(50) DEFAULT NULL,
  `position` varchar(100) NOT NULL,
  `birthDate` date NOT NULL,
  `sex` enum('Male','Female','Other') NOT NULL,
  `employmentStatus` enum('Permanent','Casual','Job Order') NOT NULL,
  `photoPath` varchar(255) DEFAULT NULL,
  `location_id` int(11) NOT NULL,
  `createdAt` timestamp NOT NULL DEFAULT current_timestamp(),
  `updatedAt` timestamp NULL DEFAULT NULL ON UPDATE current_timestamp()
) ENGINE=InnoDB DEFAULT CHARSET=utf8mb4 COLLATE=utf8mb4_general_ci;

-- --------------------------------------------------------

--
-- Table structure for table `tbl_monitor`
--

CREATE TABLE `tbl_monitor` (
  `monitorId` int(11) NOT NULL,
  `monitorBrand` varchar(100) NOT NULL,
  `monitorSize` varchar(50) DEFAULT NULL,
  `monitorSerial` varchar(255) NOT NULL,
  `yearAcquired` year(4) DEFAULT NULL,
  `employeeId` int(11) DEFAULT NULL
) ENGINE=InnoDB DEFAULT CHARSET=utf8mb4 COLLATE=utf8mb4_general_ci;

--
-- Dumping data for table `tbl_monitor`
--

INSERT INTO `tbl_monitor` (`monitorId`, `monitorBrand`, `monitorSize`, `monitorSerial`, `yearAcquired`, `employeeId`) VALUES
(2, 'Acer', '22-inches', 'KLKK0473923409', '2025', NULL);

-- --------------------------------------------------------

--
-- Table structure for table `tbl_printer`
--

CREATE TABLE `tbl_printer` (
  `printerId` int(11) NOT NULL,
  `printerBrand` varchar(255) DEFAULT NULL,
  `printerModel` varchar(100) NOT NULL,
  `printerSerial` varchar(100) DEFAULT NULL,
  `yearAcquired` year(4) DEFAULT NULL,
  `employeeId` int(11) DEFAULT NULL
) ENGINE=InnoDB DEFAULT CHARSET=utf8mb4 COLLATE=utf8mb4_general_ci;

--
-- Dumping data for table `tbl_printer`
--

INSERT INTO `tbl_printer` (`printerId`, `printerBrand`, `printerModel`, `printerSerial`, `yearAcquired`, `employeeId`) VALUES
(3, 'HP', 'v13', 'HP-PR-2025-004', '2025', NULL);

-- --------------------------------------------------------

--
-- Table structure for table `tbl_software`
--

CREATE TABLE `tbl_software` (
  `softwareId` int(11) NOT NULL,
  `licenseSoftware` varchar(255) NOT NULL,
  `licenseDetails` varchar(100) NOT NULL,
  `licenseType` enum('Perpetual','Subscription') DEFAULT NULL,
  `expiryDate` datetime DEFAULT NULL,
  `email` varchar(100) DEFAULT NULL,
  `PASSWORD` varchar(100) DEFAULT NULL,
  `employeeId` int(11) DEFAULT NULL
) ENGINE=InnoDB DEFAULT CHARSET=utf8mb4 COLLATE=utf8mb4_general_ci;

--
-- Dumping data for table `tbl_software`
--

INSERT INTO `tbl_software` (`softwareId`, `licenseSoftware`, `licenseDetails`, `licenseType`, `expiryDate`, `email`, `PASSWORD`, `employeeId`) VALUES
(1, 'Adobe Photoshop Cs3', '', 'Perpetual', NULL, NULL, NULL, NULL),
(2, '213', '', 'Perpetual', NULL, NULL, NULL, NULL),
(3, '123', '', NULL, NULL, NULL, NULL, NULL),
(9, 'sasfdsdf', '', NULL, NULL, NULL, NULL, NULL),
(11, '123', '', NULL, NULL, NULL, NULL, NULL);

-- --------------------------------------------------------

--
-- Table structure for table `tbl_systemunit`
--

CREATE TABLE `tbl_systemunit` (
  `systemunitId` int(11) NOT NULL,
  `systemUnitCategory` enum('Pre-Built','Custom Built') DEFAULT NULL,
  `systemUnitBrand` varchar(100) NOT NULL,
  `specificationProcessor` varchar(255) NOT NULL,
  `specificationMemory` varchar(255) NOT NULL,
  `specificationGPU` varchar(255) NOT NULL,
  `specificationStorage` varchar(255) NOT NULL,
  `systemUnitSerial` varchar(255) NOT NULL,
  `yearAcquired` year(4) DEFAULT NULL,
  `employeeId` int(11) DEFAULT NULL
) ENGINE=InnoDB DEFAULT CHARSET=utf8mb4 COLLATE=utf8mb4_general_ci;

--
-- Indexes for dumped tables
--

--
-- Indexes for table `location`
--
ALTER TABLE `location`
  ADD PRIMARY KEY (`location_id`),
  ADD KEY `parent_location_id` (`parent_location_id`),
  ADD KEY `location_type_id_idx` (`location_type_id`);

--
-- Indexes for table `location_type`
--
ALTER TABLE `location_type`
  ADD PRIMARY KEY (`id`);

--
-- Indexes for table `tbl_accounts`
--
ALTER TABLE `tbl_accounts`
  ADD PRIMARY KEY (`id`),
  ADD UNIQUE KEY `email` (`email`),
  ADD KEY `idx_email` (`email`),
  ADD KEY `idx_role` (`role`),
  ADD KEY `idx_status` (`status`);

--
-- Indexes for table `tbl_allinone`
--
ALTER TABLE `tbl_allinone`
  ADD PRIMARY KEY (`allinoneId`),
  ADD KEY `employeeId` (`employeeId`);

--
-- Indexes for table `tbl_employee`
--
ALTER TABLE `tbl_employee`
  ADD PRIMARY KEY (`employeeId`),
  ADD KEY `fk_employee_location` (`location_id`);

--
-- Indexes for table `tbl_monitor`
--
ALTER TABLE `tbl_monitor`
  ADD PRIMARY KEY (`monitorId`),
  ADD KEY `employeeId` (`employeeId`);

--
-- Indexes for table `tbl_printer`
--
ALTER TABLE `tbl_printer`
  ADD PRIMARY KEY (`printerId`),
  ADD KEY `employeeId` (`employeeId`);

--
-- Indexes for table `tbl_software`
--
ALTER TABLE `tbl_software`
  ADD PRIMARY KEY (`softwareId`),
  ADD KEY `employeeId` (`employeeId`);

--
-- Indexes for table `tbl_systemunit`
--
ALTER TABLE `tbl_systemunit`
  ADD PRIMARY KEY (`systemunitId`),
  ADD KEY `tbl_equipment_ibfk_2` (`employeeId`);

--
-- AUTO_INCREMENT for dumped tables
--

--
-- AUTO_INCREMENT for table `location`
--
ALTER TABLE `location`
  MODIFY `location_id` int(11) NOT NULL AUTO_INCREMENT, AUTO_INCREMENT=35;

--
-- AUTO_INCREMENT for table `location_type`
--
ALTER TABLE `location_type`
  MODIFY `id` int(11) NOT NULL AUTO_INCREMENT, AUTO_INCREMENT=5;

--
-- AUTO_INCREMENT for table `tbl_accounts`
--
ALTER TABLE `tbl_accounts`
  MODIFY `id` int(11) NOT NULL AUTO_INCREMENT, AUTO_INCREMENT=7;

--
-- AUTO_INCREMENT for table `tbl_allinone`
--
ALTER TABLE `tbl_allinone`
  MODIFY `allinoneId` int(11) NOT NULL AUTO_INCREMENT, AUTO_INCREMENT=2;

--
-- AUTO_INCREMENT for table `tbl_employee`
--
ALTER TABLE `tbl_employee`
  MODIFY `employeeId` int(11) NOT NULL AUTO_INCREMENT, AUTO_INCREMENT=2147483648;

--
-- AUTO_INCREMENT for table `tbl_monitor`
--
ALTER TABLE `tbl_monitor`
  MODIFY `monitorId` int(11) NOT NULL AUTO_INCREMENT, AUTO_INCREMENT=4;

--
-- AUTO_INCREMENT for table `tbl_software`
--
ALTER TABLE `tbl_software`
  MODIFY `softwareId` int(11) NOT NULL AUTO_INCREMENT, AUTO_INCREMENT=12;

--
-- Constraints for dumped tables
--

--
-- Constraints for table `tbl_allinone`
--
ALTER TABLE `tbl_allinone`
  ADD CONSTRAINT `tbl_allinone_ibfk_1` FOREIGN KEY (`employeeId`) REFERENCES `tbl_employee` (`employeeId`);

--
-- Constraints for table `tbl_employee`
--
ALTER TABLE `tbl_employee`
  ADD CONSTRAINT `fk_employee_location` FOREIGN KEY (`location_id`) REFERENCES `location` (`location_id`) ON UPDATE CASCADE;

--
-- Constraints for table `tbl_monitor`
--
ALTER TABLE `tbl_monitor`
  ADD CONSTRAINT `tbl_monitor_ibfk_1` FOREIGN KEY (`employeeId`) REFERENCES `tbl_employee` (`employeeId`) ON DELETE CASCADE ON UPDATE NO ACTION;

--
-- Constraints for table `tbl_printer`
--
ALTER TABLE `tbl_printer`
  ADD CONSTRAINT `tbl_printer_ibfk_1` FOREIGN KEY (`employeeId`) REFERENCES `tbl_employee` (`employeeId`);

--
-- Constraints for table `tbl_software`
--
ALTER TABLE `tbl_software`
  ADD CONSTRAINT `tbl_software_ibfk_1` FOREIGN KEY (`employeeId`) REFERENCES `tbl_employee` (`employeeId`) ON DELETE CASCADE ON UPDATE NO ACTION;

--
-- Constraints for table `tbl_systemunit`
--
ALTER TABLE `tbl_systemunit`
  ADD CONSTRAINT `tbl_systemunit_ibfk_2` FOREIGN KEY (`employeeId`) REFERENCES `tbl_employee` (`employeeId`) ON DELETE CASCADE ON UPDATE CASCADE;
COMMIT;

/*!40101 SET CHARACTER_SET_CLIENT=@OLD_CHARACTER_SET_CLIENT */;
/*!40101 SET CHARACTER_SET_RESULTS=@OLD_CHARACTER_SET_RESULTS */;
/*!40101 SET COLLATION_CONNECTION=@OLD_COLLATION_CONNECTION */;
